severity;updateDate;line;rule;project;effort;message;creationDate;type;component;textRange;debt;key;hash;status;class
BLOCKER;2024-10-02T12:30:56+0200;103;java:S6437;RepositoryMining1:1:8471904a02438c03965d21367890276bc25fa5a6;1h;Revoke and change this password, as it is compromised.;2024-10-02T12:30:56+0200;VULNERABILITY;RepositoryMining1:1:8471904a02438c03965d21367890276bc25fa5a6:SimpleBindRequestTestCase.java;{'startLine': 103, 'endLine': 103, 'startOffset': 55, 'endOffset': 65};1h;8b64e697-4ac3-4acd-a0fe-61f191ad4d98;fe9d4866d80753f4fa18ef397a5b6b3d;OPEN;pos
BLOCKER;2024-10-02T12:30:56+0200;397;java:S6437;RepositoryMining1:1:8471904a02438c03965d21367890276bc25fa5a6;1h;Revoke and change this password, as it is compromised.;2024-10-02T12:30:56+0200;VULNERABILITY;RepositoryMining1:1:8471904a02438c03965d21367890276bc25fa5a6:SimpleBindRequestTestCase.java;{'startLine': 397, 'endLine': 397, 'startOffset': 63, 'endOffset': 73};1h;f1a600a3-fae3-4a4d-b41d-edcd5c63e7c0;a72a005be24c82aff69fadc10e31e1d4;OPEN;pos
BLOCKER;2024-10-02T12:30:56+0200;1383;java:S6437;RepositoryMining1:1:8471904a02438c03965d21367890276bc25fa5a6;1h;Revoke and change this password, as it is compromised.;2024-10-02T12:30:56+0200;VULNERABILITY;RepositoryMining1:1:8471904a02438c03965d21367890276bc25fa5a6:SimpleBindRequestTestCase.java;{'startLine': 1383, 'endLine': 1383, 'startOffset': 48, 'endOffset': 56};1h;96ea2f9e-8ea7-4bf4-a4cf-1ab61e87a648;9f319420f8d21a69542a44efb9c418a4;OPEN;pos
CRITICAL;2024-10-02T12:31:41+0200;413;java:S4426;RepositoryMining1:14:843c2e60f67d71faf81d236f448ebbe56c62c647;2min;Use a key length of at least 224 bits for EC cipher algorithm.;2024-10-02T12:31:41+0200;VULNERABILITY;RepositoryMining1:14:843c2e60f67d71faf81d236f448ebbe56c62c647:ECDSA5Test.java;{'startLine': 413, 'endLine': 413, 'startOffset': 25, 'endOffset': 61};2min;36a53878-360a-46fe-8982-5d0a86f531ca;734bd179d34f96cee2ab417f1a5edc8b;OPEN;pos
CRITICAL;2024-10-02T12:31:41+0200;452;java:S4426;RepositoryMining1:14:843c2e60f67d71faf81d236f448ebbe56c62c647;2min;Use a key length of at least 224 bits for EC cipher algorithm.;2024-10-02T12:31:41+0200;VULNERABILITY;RepositoryMining1:14:843c2e60f67d71faf81d236f448ebbe56c62c647:ECDSA5Test.java;{'startLine': 452, 'endLine': 452, 'startOffset': 25, 'endOffset': 61};2min;5276ec03-bfef-4a71-a045-c5d28315c8dd;734bd179d34f96cee2ab417f1a5edc8b;OPEN;pos
BLOCKER;2024-10-02T12:31:50+0200;943;java:S2755;RepositoryMining1:15:e922f89290f236f3107039de61af0375826bd96d;15min;Disable access to external entities in XML parsing.;2024-10-02T12:31:50+0200;VULNERABILITY;RepositoryMining1:15:e922f89290f236f3107039de61af0375826bd96d:XmlConverter.java;{'startLine': 943, 'endLine': 943, 'startOffset': 64, 'endOffset': 75};15min;fe09ee4c-4297-41e2-aec9-61e82c78b5f4;99bbfb0477a1ada89d75b4ee0b6ae5db;OPEN;pos
BLOCKER;2024-10-02T12:33:15+0200;124;java:S2115;RepositoryMining1:26:63df42966cf44ffdd20d3fcdcfb70738c0432ab;45min;Add password protection to this database.;2024-10-02T12:33:15+0200;VULNERABILITY;RepositoryMining1:26:63df42966cf44ffdd20d3fcdcfb70738c0432ab:TestJdbcDriver2.java;{'startLine': 124, 'endLine': 124, 'startOffset': 11, 'endOffset': 74};45min;90bb9660-27b4-45cd-bb40-4bffd520b20e;8350b5a8ea4cace3893f20cd85cc2f74;OPEN;pos
BLOCKER;2024-10-02T12:33:15+0200;233;java:S2115;RepositoryMining1:26:63df42966cf44ffdd20d3fcdcfb70738c0432ab;45min;Add password protection to this database.;2024-10-02T12:33:15+0200;VULNERABILITY;RepositoryMining1:26:63df42966cf44ffdd20d3fcdcfb70738c0432ab:TestJdbcDriver2.java;{'startLine': 233, 'endLine': 233, 'startOffset': 6, 'endOffset': 46};45min;166b1872-9cff-4f12-af2f-9e4b5047e381;815f450103e0387554848c63a1c3b61a;OPEN;pos
BLOCKER;2024-10-02T12:33:15+0200;2930;java:S2115;RepositoryMining1:26:63df42966cf44ffdd20d3fcdcfb70738c0432ab;45min;Add password protection to this database.;2024-10-02T12:33:15+0200;VULNERABILITY;RepositoryMining1:26:63df42966cf44ffdd20d3fcdcfb70738c0432ab:TestJdbcDriver2.java;{'startLine': 2930, 'endLine': 2930, 'startOffset': 4, 'endOffset': 77};45min;d7443f1c-0ea3-4c24-96ae-c6cd262b56c3;28df4b0dcc2d5b6a61cc2fef24c13d1c;OPEN;pos
CRITICAL;2024-10-02T12:37:40+0200;574;java:S5527;RepositoryMining10:454:ad6647120db12f0e67ee4a952a71ea494a39a475;5min;Enable server hostname verification on this SSL/TLS connection.;2024-10-02T12:37:40+0200;VULNERABILITY;RepositoryMining10:454:ad6647120db12f0e67ee4a952a71ea494a39a475:FileTransfer.java;{'startLine': 574, 'endLine': 574, 'startOffset': 12, 'endOffset': 24};5min;fcdda2fe-357a-46ba-9253-99b3b7cbedf7;8a6c141756d58ae351cd56242e5f3361;OPEN;pos
CRITICAL;2024-10-02T12:37:40+0200;583;java:S4830;RepositoryMining10:454:ad6647120db12f0e67ee4a952a71ea494a39a475;5min;Enable server certificate validation on this SSL/TLS connection.;2024-10-02T12:37:40+0200;VULNERABILITY;RepositoryMining10:454:ad6647120db12f0e67ee4a952a71ea494a39a475:FileTransfer.java;{'startLine': 583, 'endLine': 583, 'startOffset': 20, 'endOffset': 38};5min;8bba9347-4a0a-4eb6-b8d5-6e1a4e0c0313;3509c5ccba6108be8c7a2e40bfaeb007;OPEN;pos
CRITICAL;2024-10-02T12:37:40+0200;587;java:S4830;RepositoryMining10:454:ad6647120db12f0e67ee4a952a71ea494a39a475;5min;Enable server certificate validation on this SSL/TLS connection.;2024-10-02T12:37:40+0200;VULNERABILITY;RepositoryMining10:454:ad6647120db12f0e67ee4a952a71ea494a39a475:FileTransfer.java;{'startLine': 587, 'endLine': 587, 'startOffset': 20, 'endOffset': 38};5min;6f0f67a7-016c-4a38-85d1-2b314d01bb09;9e57498eefef2d22a83d033262324680;OPEN;pos
BLOCKER;2024-10-02T12:39:08+0200;36;java:S2755;RepositoryMining10:465:25c6704bea149ee93c294ae5b6e0aecd182fea88;15min;Disable access to external entities in XML parsing.;2024-10-02T12:39:08+0200;VULNERABILITY;RepositoryMining10:465:25c6704bea149ee93c294ae5b6e0aecd182fea88:DomReaderTest.java;{'startLine': 36, 'endLine': 36, 'startOffset': 79, 'endOffset': 90};15min;3475a0fa-dc04-4f0c-b332-d6106b1453b7;a9b758d0b412446416807e72f3d4161a;OPEN;pos
BLOCKER;2024-10-02T12:41:14+0200;377;java:S2755;RepositoryMining10:484:ad38371c396ac5ffbfb28056809e8ffaa5a18ccd;15min;Disable access to external entities in XML parsing.;2024-10-02T12:41:14+0200;VULNERABILITY;RepositoryMining10:484:ad38371c396ac5ffbfb28056809e8ffaa5a18ccd:CompareTool.java;{'startLine': 377, 'endLine': 377, 'startOffset': 61, 'endOffset': 72};15min;a28a7593-8a13-4873-a153-586473178ce0;9212f5b21ef7b870c31676912aea3c0e;OPEN;pos
BLOCKER;2024-10-02T12:41:14+0200;1190;java:S2755;RepositoryMining10:484:ad38371c396ac5ffbfb28056809e8ffaa5a18ccd;15min;Disable access to external entities in XML parsing.;2024-10-02T12:41:14+0200;VULNERABILITY;RepositoryMining10:484:ad38371c396ac5ffbfb28056809e8ffaa5a18ccd:CompareTool.java;{'startLine': 1190, 'endLine': 1190, 'startOffset': 60, 'endOffset': 71};15min;3b7ea9de-4b62-403b-a6a9-6eb6b0fbf98e;bca74f470a192baef9933c0a00443593;OPEN;pos
BLOCKER;2024-10-02T12:41:14+0200;1340;java:S2755;RepositoryMining10:484:ad38371c396ac5ffbfb28056809e8ffaa5a18ccd;15min;Disable access to external entities in XML parsing.;2024-10-02T12:41:14+0200;VULNERABILITY;RepositoryMining10:484:ad38371c396ac5ffbfb28056809e8ffaa5a18ccd:CompareTool.java;{'startLine': 1340, 'endLine': 1340, 'startOffset': 60, 'endOffset': 71};15min;9fb24f3c-633e-4761-88c9-2a5227f35662;bca74f470a192baef9933c0a00443593;OPEN;pos
BLOCKER;2024-10-02T12:41:14+0200;1163;java:S2755;RepositoryMining10:484:ad38371c396ac5ffbfb28056809e8ffaa5a18ccd;15min;Disable access to external entities in XML parsing.;2024-10-02T12:41:14+0200;VULNERABILITY;RepositoryMining10:484:ad38371c396ac5ffbfb28056809e8ffaa5a18ccd:InvoiceDOM.java;{'startLine': 1163, 'endLine': 1163, 'startOffset': 67, 'endOffset': 78};15min;d4f894a7-ca07-4f2c-9c15-0777dde45257;33e80460f07f53e820895995658e4a7a;OPEN;pos
CRITICAL;2024-10-02T12:41:50+0200;351;java:S5527;RepositoryMining10:489:98e79cf904769907f83894e29f50ed6b3e7eb135;5min;"Enable server hostname verification on this SSL/TLS connection, by setting ""mail.smtp.ssl.checkserveridentity"" to true.";2024-10-02T12:41:50+0200;VULNERABILITY;RepositoryMining10:489:98e79cf904769907f83894e29f50ed6b3e7eb135:Mailer.java;{'startLine': 351, 'endLine': 351, 'startOffset': 14, 'endOffset': 89};5min;f814def4-957e-4ec3-902b-0236ca71be23;b5934193cb700e7591a5897b90fc063d;OPEN;pos
BLOCKER;2024-10-02T12:43:18+0200;348;java:S2755;RepositoryMining11:502:6fc896b65ed871be33dcf453cde924bf73cf83db;15min;Disable access to external entities in XML parsing.;2024-10-02T12:43:18+0200;VULNERABILITY;RepositoryMining11:502:6fc896b65ed871be33dcf453cde924bf73cf83db:Util.java;{'startLine': 348, 'endLine': 348, 'startOffset': 42, 'endOffset': 53};15min;b63d8b8b-9570-4cb7-a74f-18c32a5299d4;d79f6dee4e8bcc762ce7d6840b7733ee;OPEN;pos
BLOCKER;2024-10-02T12:45:49+0200;61;java:S2755;RepositoryMining11:522:39909bf21fd694f4fb792d1de8adc72562ead25e;15min;Disable access to external entities in XML parsing.;2024-10-02T12:45:49+0200;VULNERABILITY;RepositoryMining11:522:39909bf21fd694f4fb792d1de8adc72562ead25e:StyleMapXmlParser.java;{'startLine': 61, 'endLine': 61, 'startOffset': 42, 'endOffset': 53};15min;9b16f8f1-deed-44b0-9d41-c0fd895f556f;a4dae044bb8010670db77b4aa0a03c84;OPEN;pos
BLOCKER;2024-10-02T12:45:49+0200;477;java:S2755;RepositoryMining11:522:39909bf21fd694f4fb792d1de8adc72562ead25e;15min;Disable access to external entities in XML parsing.;2024-10-02T12:45:49+0200;VULNERABILITY;RepositoryMining11:522:39909bf21fd694f4fb792d1de8adc72562ead25e:UIMAFramework_impl.java;{'startLine': 477, 'endLine': 477, 'startOffset': 48, 'endOffset': 59};15min;62d05d23-429a-4330-88d8-8976650f8657;5b58411847835c40d3885f178bfa8003;OPEN;pos
BLOCKER;2024-10-02T12:45:49+0200;127;java:S2755;RepositoryMining11:522:39909bf21fd694f4fb792d1de8adc72562ead25e;15min;Disable access to external entities in XML parsing.;2024-10-02T12:45:49+0200;VULNERABILITY;RepositoryMining11:522:39909bf21fd694f4fb792d1de8adc72562ead25e:XMLUtil.java;{'startLine': 127, 'endLine': 127, 'startOffset': 50, 'endOffset': 61};15min;5b773756-4fe9-4fb0-be62-060229d21e4f;5b58411847835c40d3885f178bfa8003;OPEN;pos
CRITICAL;2024-10-02T12:47:34+0200;420;java:S5542;RepositoryMining11:535:38a882331035ffed205d15a5c92b471fd09659c;20min;Use a secure padding scheme.;2024-10-02T12:47:34+0200;VULNERABILITY;RepositoryMining11:535:38a882331035ffed205d15a5c92b471fd09659c:ENCRYPT.java;{'startLine': 420, 'endLine': 420, 'startOffset': 42, 'endOffset': 55};20min;f4733968-e326-4b7d-a677-fcaf857279d9;7cf1024918f278e71f7775568723b386;OPEN;pos
CRITICAL;2024-10-02T12:47:34+0200;422;java:S5542;RepositoryMining11:535:38a882331035ffed205d15a5c92b471fd09659c;20min;Use a secure padding scheme.;2024-10-02T12:47:34+0200;VULNERABILITY;RepositoryMining11:535:38a882331035ffed205d15a5c92b471fd09659c:ENCRYPT.java;{'startLine': 422, 'endLine': 422, 'startOffset': 42, 'endOffset': 55};20min;ddb44571-6fdb-45db-86e0-dfe27f10ff03;08eecf05ffa0f06743c44e6c8fffa963;OPEN;pos
CRITICAL;2024-10-02T12:47:34+0200;759;java:S5542;RepositoryMining11:535:38a882331035ffed205d15a5c92b471fd09659c;20min;Use a secure padding scheme.;2024-10-02T12:47:34+0200;VULNERABILITY;RepositoryMining11:535:38a882331035ffed205d15a5c92b471fd09659c:ENCRYPT.java;{'startLine': 759, 'endLine': 759, 'startOffset': 35, 'endOffset': 48};20min;20e7e09c-d83b-4a3a-886c-bd57f7b7e42b;eccf86c31dfabf88e9187b75df4c9584;OPEN;pos
CRITICAL;2024-10-02T12:47:34+0200;761;java:S5542;RepositoryMining11:535:38a882331035ffed205d15a5c92b471fd09659c;20min;Use a secure padding scheme.;2024-10-02T12:47:34+0200;VULNERABILITY;RepositoryMining11:535:38a882331035ffed205d15a5c92b471fd09659c:ENCRYPT.java;{'startLine': 761, 'endLine': 761, 'startOffset': 35, 'endOffset': 48};20min;3872b2aa-51c5-4b03-b155-5d8c2c7e3075;a962251d7c422c0c4c02f45ad7460ace;OPEN;pos
CRITICAL;2024-10-02T12:48:26+0200;251;java:S5445;RepositoryMining11:542:a09d853dbed712f644e274b497cce254f3189d57;10min;"Use ""Files.createTempDirectory"" to create this directory instead. (sonar.java.source not set. Assuming 7 or greater.)";2024-10-02T12:48:26+0200;VULNERABILITY;RepositoryMining11:542:a09d853dbed712f644e274b497cce254f3189d57:TikaCLITest.java;{'startLine': 251, 'endLine': 251, 'startOffset': 17, 'endOffset': 22};10min;af48c486-806c-414d-b4a3-3688687b6255;630f3e8f1d9f6eca67af16b0513a2f7c;OPEN;pos
CRITICAL;2024-10-02T12:48:26+0200;291;java:S5445;RepositoryMining11:542:a09d853dbed712f644e274b497cce254f3189d57;10min;"Use ""Files.createTempDirectory"" to create this directory instead. (sonar.java.source not set. Assuming 7 or greater.)";2024-10-02T12:48:26+0200;VULNERABILITY;RepositoryMining11:542:a09d853dbed712f644e274b497cce254f3189d57:TikaCLITest.java;{'startLine': 291, 'endLine': 291, 'startOffset': 17, 'endOffset': 22};10min;f7a14fc6-d10c-49a0-82ff-8b92e5571c6a;cd97056560b2d022a29e9f5d045f53e3;OPEN;pos
CRITICAL;2024-10-02T12:48:26+0200;360;java:S5445;RepositoryMining11:542:a09d853dbed712f644e274b497cce254f3189d57;10min;"Use ""Files.createTempDirectory"" to create this directory instead. (sonar.java.source not set. Assuming 7 or greater.)";2024-10-02T12:48:26+0200;VULNERABILITY;RepositoryMining11:542:a09d853dbed712f644e274b497cce254f3189d57:TikaCLITest.java;{'startLine': 360, 'endLine': 360, 'startOffset': 17, 'endOffset': 22};10min;bc5a8b89-6419-42e3-bc71-39adb685a142;630f3e8f1d9f6eca67af16b0513a2f7c;OPEN;pos
CRITICAL;2024-10-02T12:55:07+0200;716;java:S5527;RepositoryMining13:605:340569b8f4e14a4cb61a9407ed2d9aa4a20bdf49;5min;Enable server hostname verification on this SSL/TLS connection.;2024-10-02T12:55:07+0200;VULNERABILITY;RepositoryMining13:605:340569b8f4e14a4cb61a9407ed2d9aa4a20bdf49:IgniteUtils.java;{'startLine': 716, 'endLine': 716, 'startOffset': 20, 'endOffset': 32};5min;7e2f6259-267e-4fbb-9050-9f737c9ed1f1;8a6c141756d58ae351cd56242e5f3361;OPEN;pos
CRITICAL;2024-10-02T12:55:07+0200;2329;java:S4830;RepositoryMining13:605:340569b8f4e14a4cb61a9407ed2d9aa4a20bdf49;5min;Enable server certificate validation on this SSL/TLS connection.;2024-10-02T12:55:07+0200;VULNERABILITY;RepositoryMining13:605:340569b8f4e14a4cb61a9407ed2d9aa4a20bdf49:IgniteUtils.java;{'startLine': 2329, 'endLine': 2329, 'startOffset': 38, 'endOffset': 56};5min;3b270616-5e25-4cc5-a9e9-74004a6cfeaa;851af2b590948a3d8f1217848f5c6b47;OPEN;pos
CRITICAL;2024-10-02T12:55:07+0200;2333;java:S4830;RepositoryMining13:605:340569b8f4e14a4cb61a9407ed2d9aa4a20bdf49;5min;Enable server certificate validation on this SSL/TLS connection.;2024-10-02T12:55:07+0200;VULNERABILITY;RepositoryMining13:605:340569b8f4e14a4cb61a9407ed2d9aa4a20bdf49:IgniteUtils.java;{'startLine': 2333, 'endLine': 2333, 'startOffset': 38, 'endOffset': 56};5min;16070c3f-45d0-4d22-8d68-41e7900efe52;b032946b9ab85c7e58d99a6220467001;OPEN;pos
CRITICAL;2024-10-02T12:55:07+0200;3112;java:S5527;RepositoryMining13:605:340569b8f4e14a4cb61a9407ed2d9aa4a20bdf49;5min;Enable server hostname verification on this SSL/TLS connection.;2024-10-02T12:55:07+0200;VULNERABILITY;RepositoryMining13:605:340569b8f4e14a4cb61a9407ed2d9aa4a20bdf49:IgniteUtils.java;{'startLine': 3112, 'endLine': 3112, 'startOffset': 12, 'endOffset': 24};5min;7158b543-c130-477f-aaba-9f34ed8158db;8a6c141756d58ae351cd56242e5f3361;OPEN;pos
BLOCKER;2024-10-02T12:57:26+0200;251;java:S2755;RepositoryMining13:624:c9b121a88664988ccbabd83fa27bfc2a5e0bd139;15min;Disable access to external entities in XML parsing.;2024-10-02T12:57:26+0200;VULNERABILITY;RepositoryMining13:624:c9b121a88664988ccbabd83fa27bfc2a5e0bd139:StaxDriver.java;{'startLine': 251, 'endLine': 251, 'startOffset': 31, 'endOffset': 42};15min;97ac2861-88c8-4f23-a275-605939b5f7a8;22683da6d6f0d78a93eed78157a0ffc3;OPEN;pos
CRITICAL;2024-10-02T13:01:00+0200;44;java:S4830;RepositoryMining14:659:b4390f98529fce165e6394b94122b427fdfb8a5e;5min;Enable server certificate validation on this SSL/TLS connection.;2024-10-02T13:01:00+0200;VULNERABILITY;RepositoryMining14:659:b4390f98529fce165e6394b94122b427fdfb8a5e:SslRenegotiateTest.java;{'startLine': 44, 'endLine': 44, 'startOffset': 20, 'endOffset': 38};5min;f59828c3-28c5-499e-8585-52ac335acbad;dec59ef7b30842aa84a8f2f924a60d14;OPEN;pos
CRITICAL;2024-10-02T13:01:00+0200;48;java:S4830;RepositoryMining14:659:b4390f98529fce165e6394b94122b427fdfb8a5e;5min;Enable server certificate validation on this SSL/TLS connection.;2024-10-02T13:01:00+0200;VULNERABILITY;RepositoryMining14:659:b4390f98529fce165e6394b94122b427fdfb8a5e:SslRenegotiateTest.java;{'startLine': 48, 'endLine': 48, 'startOffset': 20, 'endOffset': 38};5min;c01fdb76-3334-479e-b5f0-87fd7f8e4646;f02c1c24659bc2fe11df3221da7701fc;OPEN;pos
CRITICAL;2024-10-02T13:01:00+0200;114;java:S4423;RepositoryMining14:659:b4390f98529fce165e6394b94122b427fdfb8a5e;2min;Change this code to use a stronger protocol.;2024-10-02T13:01:00+0200;VULNERABILITY;RepositoryMining14:659:b4390f98529fce165e6394b94122b427fdfb8a5e:SslRenegotiateTest.java;{'startLine': 114, 'endLine': 114, 'startOffset': 54, 'endOffset': 59};2min;91d5343f-fec4-42bc-8280-5f68c02a3858;e9e09e1f4f9a6d8287cbbb842823b22a;OPEN;pos
BLOCKER;2024-10-02T13:02:09+0200;474;java:S6437;RepositoryMining14:670:4500bf901cb2a7312291b6663045f28a95d2a0c4;1h;Revoke and change this password, as it is compromised.;2024-10-02T13:02:09+0200;VULNERABILITY;RepositoryMining14:670:4500bf901cb2a7312291b6663045f28a95d2a0c4:X509TokenTest.java;{'startLine': 474, 'endLine': 476, 'startOffset': 16, 'endOffset': 75};1h;29d09d57-527e-49e2-962e-802e9e12006f;aabbc7531d82dc3e336649b47125d331;OPEN;pos
CRITICAL;2024-10-02T13:02:09+0200;478;java:S5542;RepositoryMining14:670:4500bf901cb2a7312291b6663045f28a95d2a0c4;20min;Use a secure padding scheme.;2024-10-02T13:02:09+0200;VULNERABILITY;RepositoryMining14:670:4500bf901cb2a7312291b6663045f28a95d2a0c4:X509TokenTest.java;{'startLine': 478, 'endLine': 478, 'startOffset': 42, 'endOffset': 47};20min;0cb2e873-b5ef-4240-838a-d244c179dddf;53533f94f99b2f843e774582d4dd9cfc;OPEN;pos
BLOCKER;2024-10-02T13:07:10+0200;113;java:S6437;RepositoryMining15:712:0b5231ada5ce365b41832ba8752ee210145d1cbe;1h;Revoke and change this password, as it is compromised.;2024-10-02T13:07:10+0200;VULNERABILITY;RepositoryMining15:712:0b5231ada5ce365b41832ba8752ee210145d1cbe:LDAPLoginModuleTest.java;{'startLine': 113, 'endLine': 113, 'startOffset': 70, 'endOffset': 92};1h;0da2376b-b32c-4809-aec3-a2909a21e96f;c4015a8a3a8263e441bef8cfb9dd23d4;OPEN;pos
CRITICAL;2024-10-02T13:07:10+0200;210;java:S4433;RepositoryMining15:712:0b5231ada5ce365b41832ba8752ee210145d1cbe;15min;"Change authentication to ""simple"" or stronger.";2024-10-02T13:07:10+0200;VULNERABILITY;RepositoryMining15:712:0b5231ada5ce365b41832ba8752ee210145d1cbe:LdapNetworkConnector.java;{'startLine': 210, 'endLine': 210, 'startOffset': 53, 'endOffset': 59};15min;e5cde28e-7c13-4254-bdf8-19c1947d04d2;ae99926e7b1784347f4d81ae9c4d69fe;OPEN;pos
BLOCKER;2024-10-02T13:07:37+0200;619;java:S2755;RepositoryMining15:717:930a1c81f8ea4952df540f041befbfa2d6757838;15min;Disable access to external entities in XML parsing.;2024-10-02T13:07:37+0200;VULNERABILITY;RepositoryMining15:717:930a1c81f8ea4952df540f041befbfa2d6757838:XfaForm.java;{'startLine': 619, 'endLine': 619, 'startOffset': 61, 'endOffset': 72};15min;cc40bd4e-ff69-49c8-907c-97a03fa0c58f;1a259ab5749168e8a1bbfc908586c4b2;OPEN;pos
BLOCKER;2024-10-02T13:07:37+0200;62;java:S2755;RepositoryMining15:717:930a1c81f8ea4952df540f041befbfa2d6757838;15min;Disable access to external entities in XML parsing.;2024-10-02T13:07:37+0200;VULNERABILITY;RepositoryMining15:717:930a1c81f8ea4952df540f041befbfa2d6757838:XmlUtils.java;{'startLine': 62, 'endLine': 62, 'startOffset': 57, 'endOffset': 68};15min;c220f114-e5b5-492f-b0b1-94f3511132d1;9212f5b21ef7b870c31676912aea3c0e;OPEN;pos
BLOCKER;2024-10-02T13:07:37+0200;71;java:S2755;RepositoryMining15:717:930a1c81f8ea4952df540f041befbfa2d6757838;15min;Disable access to external entities in XML parsing.;2024-10-02T13:07:37+0200;VULNERABILITY;RepositoryMining15:717:930a1c81f8ea4952df540f041befbfa2d6757838:XmlUtils.java;{'startLine': 71, 'endLine': 71, 'startOffset': 60, 'endOffset': 71};15min;0f97a9e5-c1c5-45a5-b115-75898a5ba514;bca74f470a192baef9933c0a00443593;OPEN;pos
BLOCKER;2024-10-02T13:09:11+0200;121;secrets:S6706;RepositoryMining15:729:3633a832885ebf33b2e22cc1c0c8ce605e2c657;30min;Make sure this private key gets revoked, changed, and removed from the code.;2024-10-02T13:09:11+0200;VULNERABILITY;RepositoryMining15:729:3633a832885ebf33b2e22cc1c0c8ce605e2c657:IdentityZoneEndpointDocs.java;{'startLine': 121, 'endLine': 121, 'startOffset': 9, 'endOffset': 40};30min;b5efdef0-dc30-492d-8b9b-712067652502;05f9902b4c5800f891a7fc279bae11da;OPEN;pos
BLOCKER;2024-10-02T13:09:21+0200;229;java:S2755;RepositoryMining15:731:7576274874deeccb6da6b09a8d5bd62e8b5538b7;15min;Disable access to external entities in XML parsing.;2024-10-02T13:09:21+0200;VULNERABILITY;RepositoryMining15:731:7576274874deeccb6da6b09a8d5bd62e8b5538b7:Jaxb2CollectionHttpMessageConverter.java;{'startLine': 229, 'endLine': 229, 'startOffset': 25, 'endOffset': 36};15min;e09b2a9d-cf85-4114-a718-15212959186f;22683da6d6f0d78a93eed78157a0ffc3;OPEN;pos
BLOCKER;2024-10-02T13:11:19+0200;321;java:S2755;RepositoryMining15:745:6a0d7d56e4ffb420316ce7849fde881344fbf881;15min;Disable access to external entities in XML parsing.;2024-10-02T13:11:19+0200;VULNERABILITY;RepositoryMining15:745:6a0d7d56e4ffb420316ce7849fde881344fbf881:XmlImporter.java;{'startLine': 321, 'endLine': 321, 'startOffset': 50, 'endOffset': 61};15min;c3350af3-88d1-4848-8c09-af0e64ef4fcc;fde3ad7326f4bed2368f1bfa322a8883;OPEN;pos
BLOCKER;2024-10-02T13:22:30+0200;120;java:S6437;RepositoryMining17:844:e56958e7dea05c1784317f139e2216e2e707d391;1h;Revoke and change this password, as it is compromised.;2024-10-02T13:22:30+0200;VULNERABILITY;RepositoryMining17:844:e56958e7dea05c1784317f139e2216e2e707d391:SSLEngineTest.java;{'startLine': 120, 'endLine': 120, 'startOffset': 49, 'endOffset': 88};1h;eae53b30-d778-43d7-8494-ed324a989110;de8b95a18c81de5fe6cfc5945b23cd94;OPEN;pos
BLOCKER;2024-10-02T13:26:08+0200;155;java:S2755;RepositoryMining19:882:62e4caacd6aadd3f55a7468f4d821c6f40663c57;15min;Disable access to external entities in XML parsing.;2024-10-02T13:26:08+0200;VULNERABILITY;RepositoryMining19:882:62e4caacd6aadd3f55a7468f4d821c6f40663c57:XmlParserHelper.java;{'startLine': 155, 'endLine': 155, 'startOffset': 35, 'endOffset': 46};15min;f14f781f-2711-46f8-a544-ad9f4db30d23;3cde5bf70227cd80181304fefb9baf7b;OPEN;neg
BLOCKER;2024-10-02T13:28:45+0200;1228;java:S2755;RepositoryMining19:918:e4c456743a046f37ce9623529635218be7f13e7b;15min;Disable access to external entities in XML parsing.;2024-10-02T13:28:45+0200;VULNERABILITY;RepositoryMining19:918:e4c456743a046f37ce9623529635218be7f13e7b:WadlGenerator.java;{'startLine': 1228, 'endLine': 1228, 'startOffset': 57, 'endOffset': 68};15min;74551c31-f68b-4f21-a751-c94d6ffe4b0a;9212f5b21ef7b870c31676912aea3c0e;OPEN;neg
CRITICAL;2024-10-02T13:32:23+0200;594;java:S5527;RepositoryMining2:52:2b31723708256c08c5209308eb6ccfb03e2ab990;5min;Enable server hostname verification on this SSL/TLS connection.;2024-10-02T13:32:23+0200;VULNERABILITY;RepositoryMining2:52:2b31723708256c08c5209308eb6ccfb03e2ab990:FileTransfer.java;{'startLine': 594, 'endLine': 594, 'startOffset': 12, 'endOffset': 24};5min;9b069aaa-46ee-4e2c-901a-40b958c2d606;8a6c141756d58ae351cd56242e5f3361;OPEN;pos
CRITICAL;2024-10-02T13:32:23+0200;603;java:S4830;RepositoryMining2:52:2b31723708256c08c5209308eb6ccfb03e2ab990;5min;Enable server certificate validation on this SSL/TLS connection.;2024-10-02T13:32:23+0200;VULNERABILITY;RepositoryMining2:52:2b31723708256c08c5209308eb6ccfb03e2ab990:FileTransfer.java;{'startLine': 603, 'endLine': 603, 'startOffset': 20, 'endOffset': 38};5min;f5d66933-ffb7-444d-bc31-d95ec13d54d2;3509c5ccba6108be8c7a2e40bfaeb007;OPEN;pos
CRITICAL;2024-10-02T13:32:23+0200;607;java:S4830;RepositoryMining2:52:2b31723708256c08c5209308eb6ccfb03e2ab990;5min;Enable server certificate validation on this SSL/TLS connection.;2024-10-02T13:32:23+0200;VULNERABILITY;RepositoryMining2:52:2b31723708256c08c5209308eb6ccfb03e2ab990:FileTransfer.java;{'startLine': 607, 'endLine': 607, 'startOffset': 20, 'endOffset': 38};5min;2d13b384-ad07-4125-8dd3-617f97352d75;9e57498eefef2d22a83d033262324680;OPEN;pos
BLOCKER;2024-10-02T13:33:41+0200;452;java:S2755;RepositoryMining2:63:b6ed9865d0614332fa419fe4b6d0fe81bc2e660d;15min;Disable access to external entities in XML parsing.;2024-10-02T13:33:41+0200;VULNERABILITY;RepositoryMining2:63:b6ed9865d0614332fa419fe4b6d0fe81bc2e660d:DOMUtils.java;{'startLine': 452, 'endLine': 452, 'startOffset': 51, 'endOffset': 62};15min;a341d8a1-6028-45f0-8ee8-f7ca34028476;411e219d79b934f6e6ed559f5af77946;OPEN;pos
CRITICAL;2024-10-02T16:44:49+0200;48;java:S4830;RepositoryMining21:1011:b0d1f4bc444485ed4bc9a0d9ff7a108f757aa2a0;5min;Enable server certificate validation on this SSL/TLS connection.;2024-10-02T16:44:49+0200;VULNERABILITY;RepositoryMining21:1011:b0d1f4bc444485ed4bc9a0d9ff7a108f757aa2a0:TestTomcatSSL.java;{'startLine': 48, 'endLine': 48, 'startOffset': 24, 'endOffset': 42};5min;ecc7c4db-89b2-4f18-b65c-b0c608262165;ffc92a58cda81170d977fac48e8a0a5f;OPEN;neg
CRITICAL;2024-10-02T16:44:49+0200;52;java:S4830;RepositoryMining21:1011:b0d1f4bc444485ed4bc9a0d9ff7a108f757aa2a0;5min;Enable server certificate validation on this SSL/TLS connection.;2024-10-02T16:44:49+0200;VULNERABILITY;RepositoryMining21:1011:b0d1f4bc444485ed4bc9a0d9ff7a108f757aa2a0:TestTomcatSSL.java;{'startLine': 52, 'endLine': 52, 'startOffset': 24, 'endOffset': 42};5min;bef1c73a-30e5-4a33-8fed-fd0f2c4e2a64;171adfba2976eaab22ca5d34811e5ffd;OPEN;neg
CRITICAL;2024-10-02T16:44:49+0200;103;java:S4423;RepositoryMining21:1011:b0d1f4bc444485ed4bc9a0d9ff7a108f757aa2a0;2min;Change this code to use a stronger protocol.;2024-10-02T16:44:49+0200;VULNERABILITY;RepositoryMining21:1011:b0d1f4bc444485ed4bc9a0d9ff7a108f757aa2a0:TestTomcatSSL.java;{'startLine': 103, 'endLine': 103, 'startOffset': 51, 'endOffset': 56};2min;afa9c118-5231-411f-a424-0af71825370d;d1e9a54e7ce6e7f0cd54890e71ee0094;OPEN;neg
BLOCKER;2024-10-02T20:54:13+0200;174;java:S6437;RepositoryMining25:1241:4eb4ddfd92667a0775f82ee37d0a2c51e8a29352;1h;Revoke and change this password, as it is compromised.;2024-10-02T20:54:13+0200;VULNERABILITY;RepositoryMining25:1241:4eb4ddfd92667a0775f82ee37d0a2c51e8a29352:OAuth1TemplateTest.java;{'startLine': 174, 'endLine': 174, 'startOffset': 27, 'endOffset': 35};1h;1254ffe8-ef2d-4b95-b4b1-392aa4202998;212ca049884de98f619417d79e58adf5;OPEN;neg
BLOCKER;2024-10-02T20:54:13+0200;174;java:S6437;RepositoryMining25:1241:4eb4ddfd92667a0775f82ee37d0a2c51e8a29352;1h;Revoke and change this password, as it is compromised.;2024-10-02T20:54:13+0200;VULNERABILITY;RepositoryMining25:1241:4eb4ddfd92667a0775f82ee37d0a2c51e8a29352:OAuth1TemplateTest.java;{'startLine': 174, 'endLine': 174, 'startOffset': 71, 'endOffset': 87};1h;84985e94-4775-419a-902f-be4719776980;212ca049884de98f619417d79e58adf5;OPEN;neg
BLOCKER;2024-10-02T20:54:13+0200;179;java:S6437;RepositoryMining25:1241:4eb4ddfd92667a0775f82ee37d0a2c51e8a29352;1h;Revoke and change this password, as it is compromised.;2024-10-02T20:54:13+0200;VULNERABILITY;RepositoryMining25:1241:4eb4ddfd92667a0775f82ee37d0a2c51e8a29352:OAuth1TemplateTest.java;{'startLine': 179, 'endLine': 179, 'startOffset': 68, 'endOffset': 84};1h;9f376885-dc8e-4a0f-a363-b367b06e7076;c3b016afde2bf1949ef32fc1d748e569;OPEN;neg
BLOCKER;2024-10-02T20:54:13+0200;184;java:S6437;RepositoryMining25:1241:4eb4ddfd92667a0775f82ee37d0a2c51e8a29352;1h;Revoke and change this password, as it is compromised.;2024-10-02T20:54:13+0200;VULNERABILITY;RepositoryMining25:1241:4eb4ddfd92667a0775f82ee37d0a2c51e8a29352:OAuth1TemplateTest.java;{'startLine': 184, 'endLine': 184, 'startOffset': 28, 'endOffset': 36};1h;1181bb44-bfe5-47e1-b22f-4ee719873f98;9ec0e529e3e1a8592f1d9ea181ae1a0c;OPEN;neg
BLOCKER;2024-10-02T20:54:13+0200;184;java:S6437;RepositoryMining25:1241:4eb4ddfd92667a0775f82ee37d0a2c51e8a29352;1h;Revoke and change this password, as it is compromised.;2024-10-02T20:54:13+0200;VULNERABILITY;RepositoryMining25:1241:4eb4ddfd92667a0775f82ee37d0a2c51e8a29352:OAuth1TemplateTest.java;{'startLine': 184, 'endLine': 184, 'startOffset': 59, 'endOffset': 75};1h;68d75fad-f76c-4740-ba38-688465a9c940;9ec0e529e3e1a8592f1d9ea181ae1a0c;OPEN;neg
BLOCKER;2024-10-02T20:54:13+0200;189;java:S6437;RepositoryMining25:1241:4eb4ddfd92667a0775f82ee37d0a2c51e8a29352;1h;Revoke and change this password, as it is compromised.;2024-10-02T20:54:13+0200;VULNERABILITY;RepositoryMining25:1241:4eb4ddfd92667a0775f82ee37d0a2c51e8a29352:OAuth1TemplateTest.java;{'startLine': 189, 'endLine': 189, 'startOffset': 28, 'endOffset': 36};1h;2f87d830-9789-49b4-98b5-f408dc7587e1;193ce52ad23cf822f5eb3fdf15f4a932;OPEN;neg
BLOCKER;2024-10-02T20:54:13+0200;189;java:S6437;RepositoryMining25:1241:4eb4ddfd92667a0775f82ee37d0a2c51e8a29352;1h;Revoke and change this password, as it is compromised.;2024-10-02T20:54:13+0200;VULNERABILITY;RepositoryMining25:1241:4eb4ddfd92667a0775f82ee37d0a2c51e8a29352:OAuth1TemplateTest.java;{'startLine': 189, 'endLine': 189, 'startOffset': 63, 'endOffset': 79};1h;fd386e85-f0c8-4563-857c-7a78c1b093e1;193ce52ad23cf822f5eb3fdf15f4a932;OPEN;neg
BLOCKER;2024-10-02T20:54:13+0200;194;java:S6437;RepositoryMining25:1241:4eb4ddfd92667a0775f82ee37d0a2c51e8a29352;1h;Revoke and change this password, as it is compromised.;2024-10-02T20:54:13+0200;VULNERABILITY;RepositoryMining25:1241:4eb4ddfd92667a0775f82ee37d0a2c51e8a29352:OAuth1TemplateTest.java;{'startLine': 194, 'endLine': 194, 'startOffset': 28, 'endOffset': 36};1h;7c5c0207-29ec-47e8-b448-b2e82026afe2;3fcf61c44c1aa6986cc51774506b4423;OPEN;neg
BLOCKER;2024-10-02T23:47:27+0200;111;java:S2755;RepositoryMining3:100:5a711c05ec750f069235597173084c2ee796242;15min;Disable access to external entities in XML parsing.;2024-10-02T23:47:27+0200;VULNERABILITY;RepositoryMining3:100:5a711c05ec750f069235597173084c2ee796242:AbstractMarshaller.java;{'startLine': 111, 'endLine': 111, 'startOffset': 58, 'endOffset': 69};15min;482bacf6-aa64-4fa3-ade2-8100c929ed72;99bbfb0477a1ada89d75b4ee0b6ae5db;OPEN;pos
BLOCKER;2024-10-02T23:47:27+0200;137;java:S2755;RepositoryMining3:100:5a711c05ec750f069235597173084c2ee796242;15min;Disable access to external entities in XML parsing.;2024-10-02T23:47:27+0200;VULNERABILITY;RepositoryMining3:100:5a711c05ec750f069235597173084c2ee796242:AbstractMarshaller.java;{'startLine': 137, 'endLine': 137, 'startOffset': 41, 'endOffset': 56};15min;34086831-c205-4323-920d-ba5548756394;cadf0ed56c57f761bb6a32649277ab2f;OPEN;pos
CRITICAL;2024-10-02T23:49:39+0200;47;java:S5445;RepositoryMining3:119:f230486ce6707762c1a6e81655d0fac52887906d;10min;"Use ""Files.createTempDirectory"" to create this directory instead. (sonar.java.source not set. Assuming 7 or greater.)";2024-10-02T23:49:39+0200;VULNERABILITY;RepositoryMining3:119:f230486ce6707762c1a6e81655d0fac52887906d:TestXPathEntityProcessor.java;{'startLine': 47, 'endLine': 47, 'startOffset': 11, 'endOffset': 16};10min;867212be-e7ab-43b9-abae-98cde360be19;f597235fcf1a4866dd647e52d35a8a28;OPEN;pos
CRITICAL;2024-10-02T23:49:39+0200;212;java:S5445;RepositoryMining3:119:f230486ce6707762c1a6e81655d0fac52887906d;10min;"Use ""Files.createTempDirectory"" to create this directory instead. (sonar.java.source not set. Assuming 7 or greater.)";2024-10-02T23:49:39+0200;VULNERABILITY;RepositoryMining3:119:f230486ce6707762c1a6e81655d0fac52887906d:TestXPathEntityProcessor.java;{'startLine': 212, 'endLine': 212, 'startOffset': 11, 'endOffset': 16};10min;c47a91b0-2037-4ff7-8b3c-157c60c4e781;f597235fcf1a4866dd647e52d35a8a28;OPEN;pos
CRITICAL;2024-10-02T23:50:38+0200;594;java:S5527;RepositoryMining3:126:8fcdb1aa3deb892691b44bdf57e8d780da09e2a4;5min;Enable server hostname verification on this SSL/TLS connection.;2024-10-02T23:50:38+0200;VULNERABILITY;RepositoryMining3:126:8fcdb1aa3deb892691b44bdf57e8d780da09e2a4:FileTransfer.java;{'startLine': 594, 'endLine': 594, 'startOffset': 12, 'endOffset': 24};5min;185890c6-c68e-4b24-9d86-4a2e21b2cde8;8a6c141756d58ae351cd56242e5f3361;OPEN;pos
CRITICAL;2024-10-02T23:50:38+0200;603;java:S4830;RepositoryMining3:126:8fcdb1aa3deb892691b44bdf57e8d780da09e2a4;5min;Enable server certificate validation on this SSL/TLS connection.;2024-10-02T23:50:38+0200;VULNERABILITY;RepositoryMining3:126:8fcdb1aa3deb892691b44bdf57e8d780da09e2a4:FileTransfer.java;{'startLine': 603, 'endLine': 603, 'startOffset': 20, 'endOffset': 38};5min;2697fa4d-6400-43cd-bbf4-771af0d53c4d;3509c5ccba6108be8c7a2e40bfaeb007;OPEN;pos
CRITICAL;2024-10-02T23:50:38+0200;607;java:S4830;RepositoryMining3:126:8fcdb1aa3deb892691b44bdf57e8d780da09e2a4;5min;Enable server certificate validation on this SSL/TLS connection.;2024-10-02T23:50:38+0200;VULNERABILITY;RepositoryMining3:126:8fcdb1aa3deb892691b44bdf57e8d780da09e2a4:FileTransfer.java;{'startLine': 607, 'endLine': 607, 'startOffset': 20, 'endOffset': 38};5min;6d7c38fb-0a89-477e-a39c-83fc0eef91f8;9e57498eefef2d22a83d033262324680;OPEN;pos
BLOCKER;2024-10-02T23:51:28+0200;169;java:S2755;RepositoryMining3:132:8afc5d1757795fde715902067360af5d90f046d;15min;Disable access to external entities in XML parsing.;2024-10-02T23:51:28+0200;VULNERABILITY;RepositoryMining3:132:8afc5d1757795fde715902067360af5d90f046d:SchemaReader.java;{'startLine': 169, 'endLine': 169, 'startOffset': 46, 'endOffset': 57};15min;ad9c78e0-4fc1-434c-a16b-1d51475752c4;62b1d08c68eb15ea0b8080f31181a0c9;OPEN;pos
CRITICAL;2024-10-02T23:52:11+0200;1423;java:S5445;RepositoryMining3:137:c3351d2e7c3edfee82b9470e9aa1168982296072;10min;"Use ""Files.createTempDirectory"" to create this directory instead. (sonar.java.source not set. Assuming 7 or greater.)";2024-10-02T23:52:11+0200;VULNERABILITY;RepositoryMining3:137:c3351d2e7c3edfee82b9470e9aa1168982296072:FilePath.java;{'startLine': 1423, 'endLine': 1423, 'startOffset': 22, 'endOffset': 27};10min;3207f6fb-0def-4338-b191-22aa4039b91c;cffcb7b90662d3f246175d075b4ed255;OPEN;pos
BLOCKER;2024-10-02T23:53:00+0200;493;java:S2755;RepositoryMining3:144:90c898335786211d253c0503453e2f8b93e0d3fe;15min;Disable access to external entities in XML parsing.;2024-10-02T23:53:00+0200;VULNERABILITY;RepositoryMining3:144:90c898335786211d253c0503453e2f8b93e0d3fe:DOMUtils.java;{'startLine': 493, 'endLine': 493, 'startOffset': 51, 'endOffset': 62};15min;97fa44c2-4e5f-4df8-8458-8060b993c233;411e219d79b934f6e6ed559f5af77946;OPEN;pos
BLOCKER;2024-10-02T23:53:00+0200;89;java:S2755;RepositoryMining3:144:90c898335786211d253c0503453e2f8b93e0d3fe;15min;Disable access to external entities in XML parsing.;2024-10-02T23:53:00+0200;VULNERABILITY;RepositoryMining3:144:90c898335786211d253c0503453e2f8b93e0d3fe:XMLUtils.java;{'startLine': 89, 'endLine': 89, 'startOffset': 38, 'endOffset': 49};15min;382f7b04-9bef-4a33-a4f5-2c7462ef0223;d76fccf53e1b79583bc01ce9ccc11f02;OPEN;pos
BLOCKER;2024-10-02T23:53:00+0200;93;java:S2755;RepositoryMining3:144:90c898335786211d253c0503453e2f8b93e0d3fe;15min;Disable access to external entities in XML parsing.;2024-10-02T23:53:00+0200;VULNERABILITY;RepositoryMining3:144:90c898335786211d253c0503453e2f8b93e0d3fe:XMLUtils.java;{'startLine': 93, 'endLine': 93, 'startOffset': 41, 'endOffset': 52};15min;a26454f3-1616-4b5e-9259-42ef4c905676;0ba7072a466e871481d496fddc24a5fe;OPEN;pos
BLOCKER;2024-10-02T23:53:00+0200;105;java:S2755;RepositoryMining3:144:90c898335786211d253c0503453e2f8b93e0d3fe;15min;Disable access to external entities in XML parsing.;2024-10-02T23:53:00+0200;VULNERABILITY;RepositoryMining3:144:90c898335786211d253c0503453e2f8b93e0d3fe:XMLUtils.java;{'startLine': 105, 'endLine': 105, 'startOffset': 42, 'endOffset': 53};15min;3056227e-ea09-4df9-aa2f-140196a92aca;88b63c7b5979926016a7acac3f98a838;OPEN;pos
BLOCKER;2024-10-02T23:53:00+0200;109;java:S2755;RepositoryMining3:144:90c898335786211d253c0503453e2f8b93e0d3fe;15min;Disable access to external entities in XML parsing.;2024-10-02T23:53:00+0200;VULNERABILITY;RepositoryMining3:144:90c898335786211d253c0503453e2f8b93e0d3fe:XMLUtils.java;{'startLine': 109, 'endLine': 109, 'startOffset': 45, 'endOffset': 56};15min;b1975f8b-f749-4bab-b081-f8aa4b9afdea;047685a4a7987804e1d4dbdb1d5a2490;OPEN;pos
BLOCKER;2024-10-02T23:53:00+0200;122;java:S2755;RepositoryMining3:144:90c898335786211d253c0503453e2f8b93e0d3fe;15min;Disable access to external entities in XML parsing.;2024-10-02T23:53:00+0200;VULNERABILITY;RepositoryMining3:144:90c898335786211d253c0503453e2f8b93e0d3fe:XMLUtils.java;{'startLine': 122, 'endLine': 122, 'startOffset': 54, 'endOffset': 65};15min;c68a963e-2aab-4899-9a19-0845b6c6219a;34bab265f7aafc1b2a5ee1062083721b;OPEN;pos
BLOCKER;2024-10-02T23:53:00+0200;449;java:S2755;RepositoryMining3:144:90c898335786211d253c0503453e2f8b93e0d3fe;15min;Disable access to external entities in XML parsing.;2024-10-02T23:53:00+0200;VULNERABILITY;RepositoryMining3:144:90c898335786211d253c0503453e2f8b93e0d3fe:XMLUtils.java;{'startLine': 449, 'endLine': 449, 'startOffset': 47, 'endOffset': 58};15min;37fe6855-04a4-496a-831e-539989127e0c;5922bd9e5539379b867624c7083de6aa;OPEN;pos
CRITICAL;2024-10-03T00:18:43+0200;164;java:S5542;RepositoryMining4:182:9385b0ebd277724b167fe1d1456e3c112112be1f;20min;Use a secure padding scheme.;2024-10-03T00:18:43+0200;VULNERABILITY;RepositoryMining4:182:9385b0ebd277724b167fe1d1456e3c112112be1f:ECIESTest.java;{'startLine': 164, 'endLine': 164, 'startOffset': 43, 'endOffset': 50};20min;a16c8a68-8802-4dc1-bcf9-99791488e976;54c15c17ef7f084956c4ccbf41b665be;OPEN;pos
BLOCKER;2024-10-03T00:19:17+0200;173;java:S2755;RepositoryMining4:186:f8e943f44961c14cf1316deb56280f7878702ee1;15min;Disable access to external entities in XML parsing.;2024-10-03T00:19:17+0200;VULNERABILITY;RepositoryMining4:186:f8e943f44961c14cf1316deb56280f7878702ee1:DefaultXMLFactoriesConfig.java;{'startLine': 173, 'endLine': 173, 'startOffset': 34, 'endOffset': 45};15min;2df2f05e-f574-4228-a89c-3f795f619396;d76fccf53e1b79583bc01ce9ccc11f02;OPEN;pos
BLOCKER;2024-10-03T00:20:55+0200;106;java:S2755;RepositoryMining5:203:1ffa6d1c4555cab9737d76b49142528b57cfdfc;15min;Disable access to external entities in XML parsing.;2024-10-03T00:20:55+0200;VULNERABILITY;RepositoryMining5:203:1ffa6d1c4555cab9737d76b49142528b57cfdfc:XmlUtils.java;{'startLine': 106, 'endLine': 106, 'startOffset': 35, 'endOffset': 46};15min;2c1fbca4-31b9-473f-8fcb-8fcdbe5d7896;07c3a82b060f4c0152a1cad91bf17881;OPEN;pos
BLOCKER;2024-10-03T00:20:55+0200;116;java:S2755;RepositoryMining5:203:1ffa6d1c4555cab9737d76b49142528b57cfdfc;15min;Disable access to external entities in XML parsing.;2024-10-03T00:20:55+0200;VULNERABILITY;RepositoryMining5:203:1ffa6d1c4555cab9737d76b49142528b57cfdfc:XmlUtils.java;{'startLine': 116, 'endLine': 116, 'startOffset': 41, 'endOffset': 52};15min;8c3a0e30-8373-4444-9c85-d1bf56f75265;6329f7281fe60260563a6da944474c12;OPEN;pos
BLOCKER;2024-10-03T00:20:55+0200;126;java:S2755;RepositoryMining5:203:1ffa6d1c4555cab9737d76b49142528b57cfdfc;15min;Disable access to external entities in XML parsing.;2024-10-03T00:20:55+0200;VULNERABILITY;RepositoryMining5:203:1ffa6d1c4555cab9737d76b49142528b57cfdfc:XmlUtils.java;{'startLine': 126, 'endLine': 126, 'startOffset': 36, 'endOffset': 47};15min;68392745-7704-4ac6-b517-97d2f1b52da8;4ea0f41c2ae8f3f0cc9b4f481085788f;OPEN;pos
BLOCKER;2024-10-03T00:20:55+0200;135;java:S2755;RepositoryMining5:203:1ffa6d1c4555cab9737d76b49142528b57cfdfc;15min;Disable access to external entities in XML parsing.;2024-10-03T00:20:55+0200;VULNERABILITY;RepositoryMining5:203:1ffa6d1c4555cab9737d76b49142528b57cfdfc:XmlUtils.java;{'startLine': 135, 'endLine': 135, 'startOffset': 36, 'endOffset': 47};15min;4b6e6ddc-be4c-4f91-9fe5-9327d3c1653d;4ea0f41c2ae8f3f0cc9b4f481085788f;OPEN;pos
BLOCKER;2024-10-03T00:21:11+0200;37;java:S2755;RepositoryMining5:206:806949e1b3c22a3b31819a37402489a0303221a;15min;Disable access to external entities in XML parsing.;2024-10-03T00:21:11+0200;VULNERABILITY;RepositoryMining5:206:806949e1b3c22a3b31819a37402489a0303221a:DomReaderTest.java;{'startLine': 37, 'endLine': 37, 'startOffset': 79, 'endOffset': 90};15min;8d5cebcd-947a-4791-8c5f-1aa5bba62844;a9b758d0b412446416807e72f3d4161a;OPEN;pos
CRITICAL;2024-10-03T00:22:02+0200;514;java:S4423;RepositoryMining5:215:34b7c2b07014b8e1e708361170146600db172491;2min;Change this code to use a stronger protocol.;2024-10-03T00:22:02+0200;VULNERABILITY;RepositoryMining5:215:34b7c2b07014b8e1e708361170146600db172491:CIMInstanceTest.java;{'startLine': 514, 'endLine': 514, 'startOffset': 36, 'endOffset': 41};2min;0138987c-7a36-476c-84cb-be36d9d500f3;19883fa2e670dfbb11f7edc912933e53;OPEN;pos
BLOCKER;2024-10-03T00:25:03+0200;169;java:S2755;RepositoryMining5:237:2c6964ae94d8f9a9c9a32e5ae5a0b794e8b8d3b;15min;Disable access to external entities in XML parsing.;2024-10-03T00:25:03+0200;VULNERABILITY;RepositoryMining5:237:2c6964ae94d8f9a9c9a32e5ae5a0b794e8b8d3b:SchemaReader.java;{'startLine': 169, 'endLine': 169, 'startOffset': 46, 'endOffset': 57};15min;79834080-acfe-43c0-9ea2-898f625ed911;62b1d08c68eb15ea0b8080f31181a0c9;OPEN;pos
CRITICAL;2024-10-03T00:27:29+0200;213;java:S3329;RepositoryMining6:259:a9aff088f327278a8873aef47fa8f80d3c5932fd;15min;Use a dynamically-generated, random IV.;2024-10-03T00:27:29+0200;VULNERABILITY;RepositoryMining6:259:a9aff088f327278a8873aef47fa8f80d3c5932fd:UsageStatistics.java;{'startLine': 213, 'endLine': 213, 'startOffset': 89, 'endOffset': 129};15min;82d92743-3e43-40b5-8aa5-0bc26897597f;da3299861243f2168c2fc0678d429af2;OPEN;pos
CRITICAL;2024-10-03T00:27:29+0200;243;java:S3329;RepositoryMining6:259:a9aff088f327278a8873aef47fa8f80d3c5932fd;15min;Use a dynamically-generated, random IV.;2024-10-03T00:27:29+0200;VULNERABILITY;RepositoryMining6:259:a9aff088f327278a8873aef47fa8f80d3c5932fd:UsageStatistics.java;{'startLine': 243, 'endLine': 243, 'startOffset': 89, 'endOffset': 129};15min;1f3664d5-ae0a-43d3-8310-9b821e31131d;22fd46965e6c6cc24c13b9420681a26f;OPEN;pos
CRITICAL;2024-10-03T00:27:29+0200;258;java:S5542;RepositoryMining6:259:a9aff088f327278a8873aef47fa8f80d3c5932fd;20min;Use a secure padding scheme.;2024-10-03T00:27:29+0200;VULNERABILITY;RepositoryMining6:259:a9aff088f327278a8873aef47fa8f80d3c5932fd:UsageStatistics.java;{'startLine': 258, 'endLine': 258, 'startOffset': 43, 'endOffset': 48};20min;e798e46a-4fe1-4ba2-8239-4ea6c5540200;422865e928f67b02f3ff8efb6c9b28a0;OPEN;pos
BLOCKER;2024-10-03T00:28:24+0200;36;java:S2755;RepositoryMining6:265:696ec886a23dae880cf12e34e1fe09c5df8fe94;15min;Disable access to external entities in XML parsing.;2024-10-03T00:28:24+0200;VULNERABILITY;RepositoryMining6:265:696ec886a23dae880cf12e34e1fe09c5df8fe94:DomReaderTest.java;{'startLine': 36, 'endLine': 36, 'startOffset': 79, 'endOffset': 90};15min;9062df49-7337-4c0e-8398-3fafb3779c39;a9b758d0b412446416807e72f3d4161a;OPEN;pos
BLOCKER;2024-10-03T00:30:39+0200;1455;java:S2755;RepositoryMining6:284:769477b9bc8442db3f571385fa0c3e206242cbf1;15min;Disable access to external entities in XML parsing.;2024-10-03T00:30:39+0200;VULNERABILITY;RepositoryMining6:284:769477b9bc8442db3f571385fa0c3e206242cbf1:JspDocumentParser.java;{'startLine': 1455, 'endLine': 1455, 'startOffset': 52, 'endOffset': 63};15min;a50d93ff-70a3-4fc1-a4d1-e8ed94dd4335;5b58411847835c40d3885f178bfa8003;OPEN;pos
BLOCKER;2024-10-03T00:35:06+0200;195;java:S2755;RepositoryMining7:321:6272639f02e397fed40828a2d0da66c30264bc0e;15min;Disable access to external entities in XML parsing.;2024-10-03T00:35:06+0200;VULNERABILITY;RepositoryMining7:321:6272639f02e397fed40828a2d0da66c30264bc0e:BaseWxPayResult.java;{'startLine': 195, 'endLine': 195, 'startOffset': 9, 'endOffset': 20};15min;b198e9db-24f1-4a95-b429-2c76565d914c;6617ec1527d0827f32935282fabdf1c4;OPEN;pos
BLOCKER;2024-10-03T00:35:06+0200;40;java:S2755;RepositoryMining7:321:6272639f02e397fed40828a2d0da66c30264bc0e;15min;Disable access to external entities in XML parsing.;2024-10-03T00:35:06+0200;VULNERABILITY;RepositoryMining7:321:6272639f02e397fed40828a2d0da66c30264bc0e:WxCryptUtil.java;{'startLine': 40, 'endLine': 40, 'startOffset': 38, 'endOffset': 49};15min;26b339d1-5ca4-463a-acc1-64f794ae8c6e;06ed8cce1d124364c02a3eb8d885ecf2;OPEN;pos
BLOCKER;2024-10-03T00:35:24+0200;95;java:S2755;RepositoryMining7:325:d59f36ce062b31be67221f6b668abaeb54011d49;15min;Disable access to external entities in XML parsing.;2024-10-03T00:35:24+0200;VULNERABILITY;RepositoryMining7:325:d59f36ce062b31be67221f6b668abaeb54011d49:NetconfAlarmTranslator.java;{'startLine': 95, 'endLine': 95, 'startOffset': 66, 'endOffset': 77};15min;503555fa-0a59-4aac-9d0f-f538ebb15745;a1899f0135d0c656e82c6d84ba7f2210;OPEN;pos
BLOCKER;2024-10-03T00:35:24+0200;106;java:S2755;RepositoryMining7:325:d59f36ce062b31be67221f6b668abaeb54011d49;15min;Disable access to external entities in XML parsing.;2024-10-03T00:35:24+0200;VULNERABILITY;RepositoryMining7:325:d59f36ce062b31be67221f6b668abaeb54011d49:NetconfAlarmTranslator.java;{'startLine': 106, 'endLine': 106, 'startOffset': 51, 'endOffset': 62};15min;d54edd8b-0d00-4901-a1ee-1b5b36a6816c;411e219d79b934f6e6ed559f5af77946;OPEN;pos
BLOCKER;2024-10-03T00:36:01+0200;895;java:S6437;RepositoryMining7:330:c68e4820816c19241568f4a8fe8600bffb0243cd;1h;Revoke and change this password, as it is compromised.;2024-10-03T00:36:01+0200;VULNERABILITY;RepositoryMining7:330:c68e4820816c19241568f4a8fe8600bffb0243cd:OIDCTest.java;{'startLine': 895, 'endLine': 895, 'startOffset': 67, 'endOffset': 91};1h;befdaf63-128a-4939-9b63-f003b37d9fcf;21275702e7839b294739424b34895fbc;OPEN;pos
BLOCKER;2024-10-03T00:38:06+0200;169;java:S2755;RepositoryMining8:355:4e67928412ad56333d400f3728ecdb59d07d9d63;15min;Disable access to external entities in XML parsing.;2024-10-03T00:38:06+0200;VULNERABILITY;RepositoryMining8:355:4e67928412ad56333d400f3728ecdb59d07d9d63:XMLReaderUtils.java;{'startLine': 169, 'endLine': 169, 'startOffset': 52, 'endOffset': 63};15min;eda0bb97-17ea-44a7-93f4-a4b964cda99b;5b58411847835c40d3885f178bfa8003;OPEN;pos
CRITICAL;2024-10-03T00:39:45+0200;128;java:S5542;RepositoryMining8:372:21dcb3d9744c83dcf2ff8fcee06dbca7bfa4ef35;20min;Use a secure padding scheme.;2024-10-03T00:39:45+0200;VULNERABILITY;RepositoryMining8:372:21dcb3d9744c83dcf2ff8fcee06dbca7bfa4ef35:DHIESTest.java;{'startLine': 128, 'endLine': 128, 'startOffset': 38, 'endOffset': 56};20min;078d3515-dd6f-463d-9e94-ca12dbaa184b;603692989e0cffd900f1697f8d83de4c;OPEN;pos
CRITICAL;2024-10-03T00:39:45+0200;138;java:S5542;RepositoryMining8:372:21dcb3d9744c83dcf2ff8fcee06dbca7bfa4ef35;20min;Use a secure padding scheme.;2024-10-03T00:39:45+0200;VULNERABILITY;RepositoryMining8:372:21dcb3d9744c83dcf2ff8fcee06dbca7bfa4ef35:ECIESTest.java;{'startLine': 138, 'endLine': 138, 'startOffset': 38, 'endOffset': 56};20min;0745f5dd-6c98-4ce6-8d2a-2831c53931d1;e618785a56336e84854b6bde69be8e71;OPEN;pos
CRITICAL;2024-10-03T00:39:45+0200;183;java:S5542;RepositoryMining8:372:21dcb3d9744c83dcf2ff8fcee06dbca7bfa4ef35;20min;Use a secure padding scheme.;2024-10-03T00:39:45+0200;VULNERABILITY;RepositoryMining8:372:21dcb3d9744c83dcf2ff8fcee06dbca7bfa4ef35:ECIESTest.java;{'startLine': 183, 'endLine': 183, 'startOffset': 43, 'endOffset': 50};20min;ce287135-5266-45e2-adaf-c35585845e98;54c15c17ef7f084956c4ccbf41b665be;OPEN;pos
BLOCKER;2024-10-03T00:40:05+0200;302;java:S6437;RepositoryMining8:374:0cb8ca03cec42120dcfc434561592d89a89a805e;1h;Revoke and change this password, as it is compromised.;2024-10-03T00:40:05+0200;VULNERABILITY;RepositoryMining8:374:0cb8ca03cec42120dcfc434561592d89a89a805e:SslEngineFacadeFactory.java;{'startLine': 302, 'endLine': 302, 'startOffset': 33, 'endOffset': 46};1h;07174100-b0b9-414b-87d3-8c635bde70be;c9d6002417a87323d8e0574282930885;OPEN;pos
CRITICAL;2024-10-03T00:40:05+0200;608;java:S4830;RepositoryMining8:374:0cb8ca03cec42120dcfc434561592d89a89a805e;5min;Enable server certificate validation on this SSL/TLS connection.;2024-10-03T00:40:05+0200;VULNERABILITY;RepositoryMining8:374:0cb8ca03cec42120dcfc434561592d89a89a805e:SslEngineFacadeFactory.java;{'startLine': 608, 'endLine': 608, 'startOffset': 20, 'endOffset': 38};5min;8ed2d7f2-d624-4b11-80d1-ad9b91aa3a84;203b58416d7b4ac2f50e8ebe0bb498b1;OPEN;pos
CRITICAL;2024-10-03T00:40:05+0200;615;java:S4830;RepositoryMining8:374:0cb8ca03cec42120dcfc434561592d89a89a805e;5min;Enable server certificate validation on this SSL/TLS connection.;2024-10-03T00:40:05+0200;VULNERABILITY;RepositoryMining8:374:0cb8ca03cec42120dcfc434561592d89a89a805e:SslEngineFacadeFactory.java;{'startLine': 615, 'endLine': 615, 'startOffset': 20, 'endOffset': 38};5min;9e3c6a98-d49a-44a8-8e8c-03e9d59446d4;6f35e02a0ac5ce85d52f1571576b057e;OPEN;pos
BLOCKER;2024-10-03T00:40:21+0200;166;java:S2755;RepositoryMining8:376:edba32b3093703d5e9ed42b5b8ec23ecc1998398;15min;Disable access to external entities in XML parsing.;2024-10-03T00:40:21+0200;VULNERABILITY;RepositoryMining8:376:edba32b3093703d5e9ed42b5b8ec23ecc1998398:AbstractMarshaller.java;{'startLine': 166, 'endLine': 166, 'startOffset': 58, 'endOffset': 69};15min;5657c25b-542e-46fd-8a82-439510a5bf1d;99bbfb0477a1ada89d75b4ee0b6ae5db;OPEN;pos
BLOCKER;2024-10-03T00:40:21+0200;178;java:S2755;RepositoryMining8:376:edba32b3093703d5e9ed42b5b8ec23ecc1998398;15min;Disable access to external entities in XML parsing.;2024-10-03T00:40:21+0200;VULNERABILITY;RepositoryMining8:376:edba32b3093703d5e9ed42b5b8ec23ecc1998398:AbstractMarshaller.java;{'startLine': 178, 'endLine': 178, 'startOffset': 26, 'endOffset': 41};15min;0ddd7782-f295-48f3-af37-6d9d78e89e90;7dfb4aaf72867df23fd505fafc676202;OPEN;pos
BLOCKER;2024-10-03T00:43:17+0200;1425;java:S2755;RepositoryMining9:403:05c84ff8304a69a30b251f207a7b93c2c882564d;15min;Disable access to external entities in XML parsing.;2024-10-03T00:43:17+0200;VULNERABILITY;RepositoryMining9:403:05c84ff8304a69a30b251f207a7b93c2c882564d:JspDocumentParser.java;{'startLine': 1425, 'endLine': 1425, 'startOffset': 52, 'endOffset': 63};15min;a19147bd-7934-479f-9850-89e76607054b;5b58411847835c40d3885f178bfa8003;OPEN;pos
BLOCKER;2024-10-03T00:44:39+0200;109;java:S2755;RepositoryMining9:413:c6503ebbf7c9e21ff022c58706dbac5417b2b5eb;15min;Disable access to external entities in XML parsing.;2024-10-03T00:44:39+0200;VULNERABILITY;RepositoryMining9:413:c6503ebbf7c9e21ff022c58706dbac5417b2b5eb:AbstractMarshaller.java;{'startLine': 109, 'endLine': 109, 'startOffset': 58, 'endOffset': 69};15min;2f2085cc-e48f-47f4-9bc9-3491d8f24bf6;99bbfb0477a1ada89d75b4ee0b6ae5db;OPEN;pos
BLOCKER;2024-10-03T00:44:39+0200;135;java:S2755;RepositoryMining9:413:c6503ebbf7c9e21ff022c58706dbac5417b2b5eb;15min;Disable access to external entities in XML parsing.;2024-10-03T00:44:39+0200;VULNERABILITY;RepositoryMining9:413:c6503ebbf7c9e21ff022c58706dbac5417b2b5eb:AbstractMarshaller.java;{'startLine': 135, 'endLine': 135, 'startOffset': 41, 'endOffset': 56};15min;782384bb-3904-49b1-bda1-c2ccce860bbf;cadf0ed56c57f761bb6a32649277ab2f;OPEN;pos
BLOCKER;2024-10-03T00:44:39+0200;227;java:S2755;RepositoryMining9:413:c6503ebbf7c9e21ff022c58706dbac5417b2b5eb;15min;Disable access to external entities in XML parsing.;2024-10-03T00:44:39+0200;VULNERABILITY;RepositoryMining9:413:c6503ebbf7c9e21ff022c58706dbac5417b2b5eb:Jaxb2CollectionHttpMessageConverter.java;{'startLine': 227, 'endLine': 227, 'startOffset': 49, 'endOffset': 60};15min;2df165b6-66c2-4c44-8dcd-645730884aae;8695fd79000b57041828c80858b2ad13;OPEN;pos
BLOCKER;2024-10-03T00:48:20+0200;160;java:S6437;RepositoryMining9:445:9137e6cc45922b529fb776c6857647a3935471bb;1h;Revoke and change this password, as it is compromised.;2024-10-03T00:48:20+0200;VULNERABILITY;RepositoryMining9:445:9137e6cc45922b529fb776c6857647a3935471bb:JndiLdapContextFactoryTest.java;{'startLine': 160, 'endLine': 160, 'startOffset': 34, 'endOffset': 39};1h;bc06575c-6754-4f0d-8b39-33e638f38aeb;fe91b6223b318860e553b82b45b20812;OPEN;pos
BLOCKER;2024-10-03T00:48:20+0200;180;java:S6437;RepositoryMining9:445:9137e6cc45922b529fb776c6857647a3935471bb;1h;Revoke and change this password, as it is compromised.;2024-10-03T00:48:20+0200;VULNERABILITY;RepositoryMining9:445:9137e6cc45922b529fb776c6857647a3935471bb:JndiLdapContextFactoryTest.java;{'startLine': 180, 'endLine': 180, 'startOffset': 34, 'endOffset': 39};1h;81685e5f-41eb-44e6-b76f-90396aa993e6;fe91b6223b318860e553b82b45b20812;OPEN;pos
